userID,password,lastName,firstName,gender,birthdate,address,phoneNumber,dateHired,dateFired
10000001,HzNnuoba0,Bool,Maribel,F,10/07/1980,Lucena City,09176588231,27/07/2000,
10000002,MESLi8zQh7tK,Bool,John,M,23/10/1983,Lucena City,09179166663,17/10/2000,
10000003,4xhm1S,Jackie,Romonda,F,08/07/1995,Lucban City,09179751234,14/09/2016,
10000004,9JXKOhre,Ballmark,Valentin,M,26/10/1990,Tagbilao City,09174613405,15/04/2020,
10000005,HzNnuoba0,Hablet,Randie,M,27/01/1991,Lucban City,09176588236,27/07/2015,
10000006,MESLi8zQh7tK,Houtby,Lidia,F,14/03/1988,Tayabas City,09179166666,17/10/2017,
10000007,4xhm1S,Mackie,Romonda,F,08/07/1995,Lucban City,09179751231,19/09/2016,
10000008,9JXKOhre,Allmark,Valentin,M,26/10/1990,Tagbilao City,09174613409,15/04/2020,
10000009,rF1W7ty2gwO,Storrie,Josie,F,27/04/1989,Lucban City,09172746921,25/07/2018,
10000010,1ihCo9zh9W,Newlands,Addison,M,27/02/1995,Lucban City,09179296788,04/01/2018,
10000011,x0Zbwpz,Aloigi,Andrea,F,24/11/1985,Tagbilao City,09171947151,03/02/2016,
10000012,rCTO7QDuEa,Goodright,Annabell,F,28/05/1993,Lucban City,09176945841,23/05/2018,
10000013,Xlnf7Zeo,Ferrucci,April,F,01/02/1990,Lucena City,09173187003,01/09/2015,
10000014,0ucC3RqPGSA9,Trayford,Ardenia,F,07/09/1993,Lucena City,09174630076,17/10/2019,
10000015,kUzkEj8,Adenet,Marjorie,F,06/09/1986,Tayabas City,09179740162,20/09/2019,
10000016,xktNTtg,Petrie,Sidonia,F,29/03/1995,Tagbilao City,09174905050,08/10/2019,
10000017,fzhvS5VWxG,Scadding,Cicely,F,15/04/1989,Lucban City,09177498945,11/12/2016,
10000018,Zpqcl3O,Arnoult,Elvira,F,20/03/1986,Lucena City,09176235686,14/01/2020,
10000019,s7LOBCN,Robrose,Arlette,F,30/06/1994,Tayabas City,09171849934,20/05/2019,
10000020,ycy1ckw,Prevost,Inger,M,25/02/1989,Tagbilao City,09176092169,03/12/2015,
10000021,FpKS3ulO5,Alexandrescu,Lorette,F,15/01/1995,Tagbilao City,09177956864,10/03/2015,
10000022,oAw0fiK0jH,Snoxell,Olly,M,27/02/1987,Lucban City,09170949968,15/09/2019,
10000023,5740Fs3CI,Tuffrey,Katrinka,F,22/10/1990,Tayabas City,09179709497,06/11/2015,
10000024,s0GuucuQjyh,Mea,Brenden,M,09/11/1993,Tagbilao City,09174484593,23/09/2016,
